fusion,model,RMSE,MAE,R2
early,xgboost_lag,0.38999485004906104,0.30996984342782297,0.8628416881982311
early,lstm,0.4979145829495816,0.3854608721192465,0.7764297157636497
intermediate,lstm_tcn,0.2590102006805658,0.20235230562355472,0.9395024031480452
intermediate,gru_cnn_gated,0.32590456218263647,0.2572639421851643,0.9042176988362256
late,meta,0.3102489020949246,0.24373449373110723,0.9131989670608083
late,era_only,0.32191653779503215,0.25463592800506274,0.9065474915428177
late,avg,0.5410233944641655,0.4406319081093038,0.7360409986847826
late,earth_only,0.9163228135555028,0.729584468910175,0.2428160750748133
